id,fname,lname,mail,phone,birth_date
1,Val,Dusting,vdusting0@multiply.com,+62 672 606 8991,1/26/2026
2,Grazia,Nind,gnind1@sfgate.com,+62 702 425 0281,2/27/2026
3,Hillery,Perrinchief,hperrinchief2@people.com.cn,+976 673 203 9937,9/1/2025
4,Rees,Ellgood,rellgood3@shareasale.com,+380 139 225 3228,10/6/2025
5,Siward,Maddams,smaddams4@vk.com,+56 275 461 7767,12/8/2025
6,Patric,Dennett,pdennett5@upenn.edu,+62 554 870 4539,6/30/2025
7,Shirleen,Willingham,swillingham6@storify.com,+506 548 690 1696,2/20/2026
8,Tybie,Davies,tdavies7@desdev.cn,+420 527 716 5347,6/7/2025
9,Papageno,MacGall,pmacgall8@scribd.com,+33 307 681 4766,6/16/2025
10,Hinze,Foulstone,hfoulstone9@indiatimes.com,+62 886 851 4680,11/21/2025
11,Bord,Arnatt,barnatta@census.gov,+420 127 650 3921,11/26/2025
12,Stavro,Greenman,sgreenmanb@ucoz.ru,+86 354 831 5723,11/3/2025
13,Friedrich,Catherick,fcatherickc@home.pl,+218 495 108 5423,7/6/2025
14,Edouard,Emms,eemmsd@twitpic.com,+86 480 513 2451,11/21/2025
15,Corrie,Bellerby,cbellerbye@noaa.gov,+964 618 397 1792,6/4/2025
16,Gregoor,Sambidge,gsambidgef@cbsnews.com,+381 774 781 4204,8/6/2025
17,Rafe,Rosenhaupt,rrosenhauptg@wordpress.org,+351 474 610 0036,2/18/2026
18,Prent,McNabb,pmcnabbh@dmoz.org,+55 568 819 9262,5/21/2026
19,Wylma,Ramalho,wramalhoi@psu.edu,+63 284 625 7258,5/7/2026
20,Swen,Crompton,scromptonj@wufoo.com,+62 794 858 3877,4/23/2026
21,Hope,Montilla,hmontillak@wired.com,+86 399 588 0706,2/12/2026
22,Andrea,Gillingwater,agillingwaterl@webs.com,+972 282 992 5813,10/17/2025
23,Serge,Gosart,sgosartm@a8.net,+66 292 209 1423,9/29/2025
24,Kare,Trenoweth,ktrenowethn@ft.com,+86 326 716 0527,5/11/2026
25,Ange,Redan,aredano@rambler.ru,+86 838 220 8540,1/30/2026
